img,Spongebob,Patrick
e424afc725a3488265fff1a5b99cd3c2.jpg,0,1
96631d4890913cdfaa12a013a6fd0ae6.jpg,0,1
sarajevo-29042023-colorful-image-patrick-260nw-2296798333.jpg,0,1
russia-vyborg-04042023-soft-toy-260nw-2293561397.jpg,1,0
d6eda01dcbedf5ad178ad39fcc27bd8a.jpg,0,1
9d804f72d95f44d11098b8ce3c17313a.jpg,0,1
b2053032b2d4422e5f3504d10e9bf7f2.jpg,0,1
25127bf64a5640e30ca92d800fadffda.jpg,0,1
317b12342813fd924e9ef7e1488262a6.jpg,1,0
7603c4a22e709a1156db0314b81cfea9.jpg,0,1
3a1487fd9b08aa572e896db0765e676a (1).jpg,0,1
d647f379d7646c76693ac9e24455cd15.jpg,0,1
49bdcaca9ed79e0aee85cc3905329aa9 (1).jpg,0,1
1cc5c70085d624bb9b00b2248c45957a.jpg,0,1
january-2023-istanbul-turkiye-spongebob-260nw-2250168653.jpg,1,0
january-2023-istanbul-turkiye-spongebob-260nw-2250168647.jpg,1,0
spongebob-vector-illustration-outline-created-260nw-2275535805.jpg,1,0
spongebob-squarepants7.jpg,1,0
9dc9ba10d45cc2ab558da03d746f69f6.jpg,1,0
images (1).jpg,1,0
images (2).jpeg,0,1
funny-spongebob-pictures-2pnamigjdxhz5335.jpg,1,0
c06fe3f213b64c047d14ff747a24bd5e.jpg,0,1
87fc777f55df4e0a3d46cb3f241218e9.jpg,1,0
1564207b457fcd51058448e7ea4b562e.jpg,0,1
50538213dd682dbd14e9bcad19fc4c0f.jpg,0,1
5d00f2566832aea52c3664bc4df84515.jpg,0,1
images (44).jpg,1,0
february-2023-istanbul-turkiye-spongebob-260nw-2270696003.jpg,1,0
images (108).jpg,1,0
lisbon-portugal-may-26-2014-260nw-197290814.jpg,1,0
eea1d3a4924c083489886049a22e1b1e.jpg,0,1
e31df9032551729da9f4b7e1c1e29d28.jpg,0,1
23ecb7c21d6ac025a86adcedb28b4935.jpg,0,1
03207ce4f437bc1f07c587477293ef5b (1).jpg,0,1
spongebob-pictures-5f1kl05tgu7bib11.jpg,1,0
e51005f5b5ab011b0936d935e27ce577.jpg,0,1
images-51.jpg,1,0
70ea7e6dac389df7ebe2e5408306d49d.jpg,0,1
dd148695f657c29a9f25f0739bc1df05.jpg,1,0
33f70032902ed23ae509519735141abe.jpg,0,1
cbbc0164260f5e6ef9c758b19c40e50f.jpg,0,1
cartoon-character-vector-full-color-260nw-2255722487.jpg,0,1
images (13).jpg,1,0
25189f346ed0229e11f2a506e8c26f02.jpg,1,0
923bba7623bb03a5deeb95dde16078f0.jpg,1,0
descarga (7).jpg,1,0
images (29).jpeg,0,1
f63752126f9a6b7af828c287a65eb5d1.jpg,0,1
funny-spongebob-pictures-njy3ydth23uuki6l.jpg,1,0
images (87).jpg,1,0
pngsponge (3).jpg,1,0
images-50.jpg,1,0
0e2ba1ada02c52cdd24d7bd97c11d200.jpg,0,1
images (68).jpg,1,0
descarga (10).jpg,1,0
e04f4843525712a776df64deb23b8238.jpg,1,0
0f2251f69b9f89b9dd27dc14c189c145.jpg,1,0
spongebob-funny-pictures-36kg87ez9nybehoq.jpg,1,0
119f9e43263d198c9c4cb7262c7e6d5c.jpg,0,1
74d99d413b85bd1ab93035bbfc34acf5 (1).jpg,0,1
spongebob-squarepants6.jpg,1,0
images (29).jpg,1,0
funny-spongebob-pictures-wwsjmp4g50zijtxa.jpg,1,0
f8a7912ac2f25802c61c2d965b4ec3d8.jpg,1,0
los-angeles-california-usa-november-260nw-445118671.jpg,1,0
01452bf73ef61c24a7b95e925daf8a6a.jpg,0,1
images (91).jpg,1,0
images (14).jpeg,0,1
38133de30af256cee3697cdadd441f55 (1).jpg,0,1
spongebob-pictures-a3d7l1pwrdb9eeog.jpg,1,0
funny-spongebob-pictures-hh2o2pnwmxg3ljvv.jpg,1,0
46e1640f5a7480f99ed5f618b7f9c3ce.jpg,1,0
e854ee71402f9127b6d4dd07dcc9d3f4 (1).jpg,0,1
268a024914fc306fddc5ce1100e04f2e (1).jpg,0,1
images (112).jpg,1,0
55ccb55d533fd0be0bd4cab9661dfdbe (1).jpg,0,1
354c2b033ac9198c389b996e78661a2a.jpg,0,1
images (16).jpeg,0,1
spongebob-squarepants4.jpg,1,0
ecfaa058196cc9b159a0074b2920a8ef.jpg,0,1
7a7a40319883c11c1bf55673a0ffb06c.jpg,1,0
spongebob-pictures-4toke632mw8ttuq1.jpg,1,0
images (104).jpg,1,0
515a727f3df29684ac180581ee6fe6f4.jpg,1,0
editorial-design-illustration-collection-characters-260nw-2319234829.jpg,0,1
a37d569142b8e3955d4496887cb9125c.jpg,1,0
279f30ff634ef960c8d45a9cc575cc83.jpg,0,1
c028b56904feae16eae57dfb84dec260.jpg,1,0
dd5daa3a9b90a184221ec8833f39e6f8.jpg,0,1
images-52.jpg,1,0
1952648fe1309c69be6c5424baa93c70 (1).jpg,0,1
6b0c2b62f93d5f862150e1bd1086ce66.jpg,0,1
e1f46a30191b0068cfedd91b30c51571.jpg,0,1
images-53.jpg,1,0
58e605ee2ac1d9cf3c157f3275399fa3.jpg,0,1
bb07f3542ae4ae2676b19b1dce731ac8 (1).jpg,0,1
images-47.jpg,1,0
cartoon-character-spongebob-squarepants-illustration-260nw-2355445315.jpg,1,0
spongebob-jellyfish.jpg,1,0
whimsical-editorial-vector-illustrations-spongebob-260nw-2352862233.jpg,1,0
a54605f1c22e34e89131151ddf80ccc8 (1).jpg,0,1
3d376c7d7acf61e503c57c1885b70c3b (1).jpg,0,1
95e8b64dc8c34e8d6a1c8adb142cf1c7.jpg,0,1
images (33).jpg,1,0
descarga.jpeg,0,1
9bc06c377cc2f3a342fbf3ce3c80a208.jpg,0,1
a272c5b1a17fd7d8712f503b20e91eea.jpg,1,0
school-bag-design-spongebob-screen-260nw-2310764639.jpg,1,0
images (25).jpg,1,0
spongebob-squarepants5.jpg,1,0
spongebob-pictures-ivvleag81i4bwz7x.jpg,1,0
97bdfc7d594715c9d21c5ceb85f7470c.jpg,0,1
january-2023-istanbul-turkiye-spongebob-260nw-2250168651.jpg,1,0
4d132be2431a10e3a70ba1c4fda460fb.jpg,0,1
images (72).jpg,1,0
426064e6c6f404d2663afa4c9808cee7.jpg,0,1
5c33f455d58eeffbe2c7069e1f74112e.jpg,0,1
images (1) (1).jpg,1,0
spongebob-funny-pictures-fog8v4kcf5az3z0a.jpg,1,0
march-2023-istanbul-turkiye-spongebob-260nw-2276041425.jpg,1,0
august-14-2023-bandung-indonesiaadorable-260nw-2347219401.jpg,1,0
images (73).jpg,1,0
0e3ef06c72cdca58bca8efbe6c834250.jpg,0,1
january-2023-istanbul-turkiye-spongebob-260nw-2250168655.jpg,1,0
75710dd423cf09798cac8e44ab384a8b.jpg,0,1
4e1fb612df8640b37c4e3dbbfb617056.jpg,0,1
images (24).jpg,1,0
emoji-funny-logo-symbol-isolated-260nw-2183406709.jpg,0,1
descarga (8).jpeg,0,1
february-2023-istanbul-turkiye-spongebob-260nw-2270698969.jpg,1,0
28afbf02f7e013034b8549222b79fbe2.jpg,0,1
2a5fbedeb923c282578680549fb83378.jpg,1,0
spongebob-squarepants-vector-illustrationisolated-on-260nw-2335399385.jpg,1,0
falcon-heights-minnesota-august-20-260nw-1740515684.jpg,1,0
eda78d7c9f6de24743ef79973baf2967.jpg,0,1
images (4).jpeg,0,1
9d7fa64f8989b347db9f048735be9d14.jpg,0,1
funny-spongebob-pictures-qmkweaiaf2q4bzl7.jpg,1,0
images (32).jpg,1,0
february-2023-istanbul-turkiye-spongebob-260nw-2270696005.jpg,1,0
c95e3b64ee84c43302bd13bd4ea50595 (1).jpg,0,1
4b09f2bd203ee66cc13709039072c945.jpg,0,1
download.jpg,1,0
images-57.jpg,1,0
bd37fe71507843115cfead5eedcfa1c6.jpg,1,0
4b078b3ac7ea9a1c35c9377693d8950f.jpg,0,1
3bb232442ffe51c1f83a57f194ef08d1 (1).jpg,0,1
kansas-city-ks-may-09-260nw-277761665.jpg,1,0
images (65).jpg,1,0
mgid_arc_imageassetref_sharednick.jpg,1,0
images.jpeg,0,1
e2da6ab0bc59ef9f0c3037b61e5bf9f4.jpg,0,1
6efe6f8ce81d664b02bb633f702237be.jpg,1,0
bf4a745fc73265c3c224334ab9fc2dc7.jpg,1,0
20b49e31315ce8a1588c8308e35478ef.jpg,1,0
a8580691c5b906f8460cefc554e2f0b8.jpg,0,1
06ceaa81baa22929faf41980feeca214.jpg,0,1
smiley-patrick-pattern-seamless-vector-260nw-1491037442.jpg,0,1
images-56.jpg,1,0
spongebob-pictures-gghxywqjds3t1kb2.jpg,1,0
images (12).jpeg,0,1
vector-set-cartoon-character-doodle-260nw-2317295179.jpg,1,0
9861f904da3c39f3742ae3d39796b544.jpg,0,1
540f3fe9bb84a6b36484fe413c0f8bbb (1).jpg,0,1
a1c076f868806e5ea0e4daab5c43cf6e (1).jpg,0,1
3e97a32a2627191d53226d83f5d362dc.jpg,1,0
6c381f4ad4384770ae9bffb4268b4eda.jpg,0,1
images (105).jpg,1,0
editorial-design-illustration-collection-characters-260nw-2319234839.jpg,1,0
spongebob-pictures-v9hsfyvb11lpbyau.jpg,1,0
93379b57fe052ba5ac75bacee67cc2e1 (1).jpg,0,1
images (113).jpg,1,0
sepang-malaysiamay-11-2019-spongebob-260nw-1395579257.jpg,1,0
spongebob-pictures-fzd9qaxtzugs8mrm.jpg,1,0
ec396f846d4fb35f4d10b0e3072ae62b.jpg,0,1
ee5e0aab96ee5d64e9ee156f4b7bbdad.jpg,0,1
60d870cb2dbdfc60aa42467278861cb4.jpg,1,0
efd105acb253cfeecf26da1d0351883a.jpg,0,1
e28d93deee1befef0c9d1aadee066470.jpg,0,1
864f18664db425bc225471bc8b8e0381.jpg,1,0
f75f94b0ad901a28943e7da7bbd43363.jpg,0,1
SpongeBob_SquarePants_character.svg.jpg,1,0
718adce29408df225e3988ab6c9ae7f2.jpg,0,1
spongebob-funny-pictures-6qpa044s4qcmjxdb.jpg,1,0
images (90).jpg,1,0
spongebob-playing-guitar-vector-cartoon-260nw-2314143131.jpg,1,0
b7dc6f7b81b6410498d4b0edde18f72f.jpg,0,1
images (28).jpg,1,0
abbaeb1457fd52e7b8ae0db92b88db0f.jpg,1,0
4bef305889a52000c85ec02e22f9edf4.jpg,0,1
spongebob-squarepants2.jpg,1,0
d95921e82958b5accdb64127d7f4d94b (1).jpg,0,1
bangkok-thailand-january-19-2015-260nw-245275564.jpg,1,0
dba4b3fad38764fa8c07a5e44cbd13e0.jpg,1,0
db32617d7130a589ec7f80e83242595e.jpg,0,1
3347e9065781fe27a7fccb2ef3276fa6.jpg,0,1
fe6319e1474209e26e8455a99bce378c.jpg,0,1
132b657127c7ec25fedccb16fd36c367.jpg,1,0
spongebob_patrick.jpg,0,1
descarga (11).jpg,1,0
16622df942e7ddecb0c01dc272b48d8a.jpg,0,1
images-54.jpg,1,0
spongebob-pictures-wvldk4u4s24tvkwm.jpg,1,0
images (86).jpg,1,0
pngsponge (2).jpg,1,0
cartoon-character-doodle-yellow-animation-260nw-2272497937.jpg,1,0
patrick-star-vector-illustration-white-260nw-2325278221.jpg,0,1
aae5eebf01110b5625447a3dd2b80316.jpg,0,1
1f5fd6f833cbba8bac25bb65588ba80b (1).jpg,0,1
f1a9294e67d5631559b037df51b0e909.jpg,0,1
spongebob-crab-snail-set-vector-260nw-2338322301.jpg,1,0
images (69).jpg,1,0
f162a4be94690fc915ab1eec3e26853b.jpg,0,1
descarga (6).jpg,1,0
aaec6788cbeb5b81a321de560ce1a33c.jpg,0,1
43345f035ae4d9327f9a9744eec3537c (1).jpg,0,1
4a0899c1cbab6e1843eec2d8a2f809d6 (1).jpg,0,1
2b40dadbfbd84312fde4a184582ac9e9.jpg,0,1
5a0c6619e9b4f04c6b92fcde3c044693.jpg,1,0
2535a0643b58c290773232f07626eafa (1).jpg,0,1
images (12).jpg,1,0
d19dea546036218d316b97dcbc4a4f24.jpg,0,1
images (6).jpeg,0,1
e49b4831a37ae982e1e4ef17ca88816d.jpg,1,0
eb317622f19e862aa9635168c757e034.jpg,0,1
images-55.jpg,1,0
images (45).jpg,1,0
images (109).jpg,1,0
246d38381804142b66f8f6c048947ca4.jpg,0,1
spongebob-pictures-e1qkk2qpq3lq6vil.jpg,1,0
5d845aab09915b504a7dbd6bafc99a36.jpg,0,1
b638906d7867acdf80e27e13548da474.jpg,0,1
cartoon-character-doodle-yellow-animation-260nw-2354804855.jpg,1,0
2ed04f5223608d4b6ace1dbdf3ed41b8 (1).jpg,0,1
31267e11d30ca1bd410beed3de8e56b7 (1).jpg,0,1
f6eaeaa38d2e417c6a0fb4aab237331d.jpg,1,0
3a1487fd9b08aa572e896db0765e676a.jpg,0,1
8b5406ca25df90f68cb6224b17520887.jpg,0,1
cb9b8d89cab161f74b80c2e073168a72 (1).jpg,1,0
spongebob-squarepants3.jpg,1,0
92d901139f26ef3c7d6c0b4d1c629cc7.jpg,1,0
f42bf53796e2f9f6e6fb19003d164ebb (1).jpg,0,1
nice-france-14022022-cartoon-character-260nw-2122849208.jpg,1,0
646c2db4575d7176c8fbb5c19e15b577.jpg,0,1
aa3dc75cce97a7edeb992eb5034ce1dc.jpg,0,1
d408b76eca3d15b15276d1d2a188cd2f.jpg,0,1
spongebob-pictures-ves9uako6onasnsz.jpg,1,0
january-2023-istanbul-turkiye-spongebob-260nw-2250168657.jpg,1,0
98785a0cb1a949c33ad383687f6fb302.jpg,0,1
sepang-malaysiamay-11-2019-spongebob-260nw-1395579254.jpg,1,0
dcf5a46c68ec8e21db276e62852d1f5e.jpg,1,0
e647181fceb64de6df79e9f26836f932.jpg,0,1
71qmGsKJ8iL.jpg,1,0
2290205e24ab7aa5574c224bfaf093d8 (1).jpg,0,1
a17497ca50d67d69fc7b0fef08c17f79.jpg,0,1
aaf7aa00d36e140d56cc289795a1bf5f (1).jpg,0,1
bc0c55d1a0ad01e458d472b4827cfe68.jpg,0,1
f38daae58acea25547d19a7d5e5f2a92.jpg,1,0
editorial-vector-illustrations-spongebob-squarepants-260nw-2368494601.jpg,1,0
13fb06c90211afdd1d1bc8529932306c.jpg,1,0
11238ec259a64befe4fdfc1ff7cea4e5.jpg,0,1
f051ba5a150dfd1a06533b2ec43b0d59.jpg,0,1
a0f6f3d289c2fecf5b133c1e86e90cc3 (1).jpg,0,1
descarga (20).jpg,1,0
87e68dee60bf7cd7bfe81501f27c0bd4.jpg,0,1
8d82a800978d0c749a6ddbcf7c704474.jpg,1,0
02a5dcf8007a09bb2283db196631a691.jpg,1,0
987aa3941e9862c55edebb3ee28813c8 (1).jpg,0,1
images (114).jpg,1,0
2b2ea7a96f6d2834dd9f2963f26cb608.jpg,0,1
spongebob-pictures-1irm8g0a0trbbd61 (1).jpg,1,0
Primitive_SpongeBob_model.jpg,1,0
35a28a9bae057cfd0ed1443a2bd73dfb (1).jpg,0,1
f3009226960f8a7484d91f80cecb7dbb.jpg,0,1
funny-spongebob-pictures-u69c4jv654dhfsq2.jpg,1,0
ea21f81d79525ca4c88f623435dc8e8e.jpg,0,1
images (102).jpg,1,0
4d2466df2cc392634375353f536a5f5e.jpg,1,0
editorial-design-illustration-collection-characters-260nw-2319234861.jpg,1,0
7e85023d95671305f93c8e4b4570eff2.jpg,0,1
editorial-design-illustration-collection-characters-260nw-2319234849.jpg,1,0
images (17).jpeg,0,1
4483f2c78d45ecea231a949f68e194fb.jpg,1,0
af3263909d35e72f445b64a7c1dd98df.jpg,0,1
bangkok-thailand-december-12-2014-260nw-237697735.jpg,1,0
787cef9fa488727ce35af0711beeb865 (1).jpg,0,1
9256da5bf5e5bb9616ef509b851a51ea.jpg,0,1
maxresdefault.jpg,1,0
6977425d164a4b2c1524ab74d68ef732.jpg,1,0
images (19).jpg,1,0
a199b583fa27fe165cc131e5535b3ba6.jpg,0,1
vector-character-patrick-cartoon-spongebob-260nw-1799989186.jpg,0,1
b220678452b6be3451b7afa762a2a8ca.jpg,0,1
3fb745e671c0534a02b764435a155832 (1).jpg,0,1
2990a5626896977fdda7ad4bda72ff83.jpg,0,1
166aab1a06f5338513efddd8b458e447.jpg,0,1
images (1).jpeg,0,1
melbourne-australia-january-23-2016-260nw-412821637.jpg,1,0
7c8c46af66d1013bb1dbb6cff19cfc26.jpg,1,0
8be6a327111ed852f83a3776336ce864.jpg,0,1
spongebob-funny-pictures-d7m3i4qctcmrw3po.jpg,1,0
81211587719c7beff3d62349b7dfadb2.jpg,0,1
spongebob-funny-pictures-5nvei6lzsokn0rek.jpg,1,0
d72a0de194b53918efddda48d52b8693.jpg,1,0
ef10f6e7326398598e2e187a64f39d6e.jpg,1,0
images (35).jpg,1,0
c4e5c219bd4e1bf5b51475523db44ae5.jpg,0,1
4038ef4ee33370e08d6de19fca786d57.jpg,0,1
58e84e08a6a3d1f43b8c6c158ca7a8fd (1).jpg,0,1
c33810a99376d4af3695095d714739dc (1).jpg,0,1
279f30ff634ef960c8d45a9cc575cc83 (1).jpg,0,1
a82018af7c364cde48ce6c53ff389612.jpg,1,0
weird-spongebob-pictures-3qfsmaxke5te7y47.jpg,1,0
images (23).jpg,1,0
66f70d8944b6b9424af9e24df93a82b8.jpg,1,0
a74bfd03ab92b60543b37e1f5c271391.jpg,1,0
images (74).jpg,1,0
images-_7_.jpg,1,0
d316302348806213e7c31f54ebfa6f60.jpg,0,1
d66e1e8823c7a2d41913b505666ac312.jpg,1,0
3527455f7c574c498b036c6668939618.jpg,0,1
9150f237e3f11b673185469aebb8b719.jpg,0,1
7cf9f427970a54336b5e69b7a2c1dbf1.jpg,0,1
07410a632b367e4b4d3c0a5bb3cee303.jpg,0,1
editorial-design-illustration-collection-characters-260nw-2319234849 (1).jpg,1,0
funny-spongebob-pictures-vbhhhmyavp5r1z53.jpg,1,0
98377aaeae4654cde944439e58ac38c5.jpg,0,1
220473f760a3629c809e623b5a6e4b52.jpg,1,0
san-diego-ca-july-20-260nw-81372649.jpg,1,0
a3ec1c70dca698def6754edbebccb191.jpg,0,1
c37f4ad09faecef87f0f53359facd3eb.jpg,1,0
a149303e39138c451ed5af4bc39f4ad2 (1).jpg,0,1
images (118).jpg,1,0
36b60843aa279daa3b9579b423c4b9a5.jpg,0,1
b05205141ee5681e6e5b294b81d2e862.jpg,0,1
spongebob-pictures-w3cm176fyxx0irc6.jpg,1,0
5cb34de7aff4e2a975d08416c06e34ff.jpg,1,0
a6f2b6952f736288b093c90aa14209ae.jpg,1,0
4c778ce0c45593d551fa9983957dc4d6.jpg,0,1
images (42).jpg,1,0
48c060d9cd80477e13c7d43369a06f9e.jpg,0,1
dc7a607dc663f246fc76641dc3575e55.jpg,0,1
images (15).jpg,1,0
jakarta-indonesia-june-2nd-2023-260nw-2311858445.jpg,1,0
f82685533025785da9f27f59d71e55e9.jpg,1,0
mengenal-lebih-dalam-teknik-animasi-260nw-2265771711.jpg,1,0
5750aeadbef16a320fd8db69b0e8bfbf.jpg,0,1
e5b632d32b57597f9669b8ed8714a6e0 (1).jpg,0,1
spongebob-pictures-b6fpaab68d0r49hs.jpg,1,0
b8b3ef3f656fa2ae9b53514f3076f198 (1).jpg,0,1
descarga (1).jpg,1,0
582f22fe948eaceb6303f23ef4bd9973.jpg,1,0
2ff5935ab16177eee9bbc86c1adcfd4a.jpg,0,1
ff9ed529959c63316f4a62c6aee8a766.jpg,0,1
pngsponge (5).jpg,1,0
4b776d556d142d42d0ad14352d44b58b.jpg,0,1
images (15).jpeg,0,1
images (81).jpg,1,0
images (122).jpg,1,0
388a759f5ea11345f2d8889997b34ff5.jpg,0,1
descarga (16).jpg,1,0
86c7885d2452610a164767a24628a920.jpg,0,1
84a0c9c53e65a4d076c5e9144b6a7fcb.jpg,0,1
69b83939dffe39147ac0e1471b39c2f6.jpg,1,0
debf5ace9ca79e5e5d7902c0ad202127 (1).jpg,0,1
ef170d96b3745f9016f73396d517ceb3.jpg,0,1
2c3b8293201f2b38a598be425ec09d28.jpg,0,1
371140810328f90f74a4ef3396d9e6d5 (1).jpg,0,1
03b790d4e047fedd0a029eb3aaf9eda7.jpg,1,0
images (39).jpg,1,0
6de49ef710992d68e43cc94d5d4c03a3.jpg,0,1
descarga (18).jpeg,0,1
patrick-star-vector-illustration-outline-260nw-2275210299 (1).jpg,0,1
c6a1e27dd0fa4c4bd8535d5351002fcc.jpg,1,0
98556104b64fab714d581df572ebf6be.jpg,0,1
spongebob-pictures-v3mp8zc3s5pdtkck.jpg,1,0
44d1338a45e9e2e10044469b166c5cde.jpg,0,1
1930bce7fc1307bba84301d25182cdf5.jpg,0,1
images (28).jpeg,0,1
spongebob-funny-pictures-x3q5dwfw99dvw7sm.jpg,1,0
images (97).jpg,1,0
be24a8e8e3734ca88af929d7e7e882e5.jpg,0,1
images (78).jpg,1,0
b27dddebb95325b56c1b996397e25066 (1).jpg,0,1
images (96).jpg,1,0
be7ca3abe99ac178316335ec66f5f96b.jpg,1,0
f36339a9398d915f6601620f724e5d51.jpg,0,1
1f50750e9b3ed1ead39fce3ec5de886b.jpg,0,1
images (79).jpg,1,0
ca1b86c7db64fc6bb66a9a6da6f346cf (1).jpg,0,1
c0d109a9589a6340a5ba56287655e290.jpg,1,0
84283af3ac9ab0af2a300a66dbe62397.jpg,0,1
1035e7cd700bfcbece54478070243d8b.jpg,0,1
f9e7507e99f0c2ef4c2075a968854ca3.jpg,0,1
9fd01afb5acc366bcfaf7e01441259fe.jpg,1,0
26ccc355467f6a11800c4743f03ac62b.jpg,1,0
8e8db05cafc11c630c47f8f7c06df063 (1).jpg,0,1
8abe9724d6b32f0b4fa2e641717c6896.jpg,0,1
409b6c2ab69681ebdafc32bf16490f71.jpg,1,0
c9166d7b9baf9ddd8833950566002244.jpg,0,1
864f99c76c733d87b29d022bceb8f476.jpg,0,1
4f2d41ee165cf601a24bb5bfb2c010c3.jpg,1,0
russia-vyborg-04042023-soft-toy-260nw-2293148805.jpg,1,0
beautiful-view-festive-foldable-spongebob-260nw-2253134451.jpg,1,0
images (38).jpg,1,0
descarga (17).jpg,1,0
7192052083472150f8df292931e56a33 (1).jpg,0,1
maxresdefault (1).jpg,1,0
2da6cc3c6a38759b41ad53457d4b111a.jpg,1,0
bangkok-thailand-january-22-2015-260nw-246346891.jpg,1,0
f701fff56cbc6ba735f7b056e3b0ab59.jpg,1,0
pngsponge (4).jpg,1,0
b4f21688f206e544c87095aa3299a5b6.jpg,0,1
images (80).jpg,1,0
5eec92cb07720e30174d055bbb1a4a39.jpg,0,1
45ec601ce964ae10fd71d85c2dec1a9d (1).jpg,0,1
images (123).jpg,1,0
ff746ea474a487e5d499e19d643f50f8.jpg,0,1
4c430fb0f1a1a81be53f7c764da84866.jpg,0,1
f6950d74c3df9244f9f030ed07d09f5c.jpg,0,1
147ab065b18c5bc46e9a5e33b94c6a78.jpg,1,0
0645ef49ec06156c7772f472ce9d6c97.jpg,1,0
images (14).jpg,1,0
melbourne-australia-january-23-2016-260nw-412821619.jpg,1,0
1f25dde1a4ba4a60315e9b8b1df613d1.jpg,1,0
bfd7b5cc509969c36d61ef68100508db.jpg,0,1
23ea12ace42905188392468e9d6610f1.jpg,1,0
spongebob-3d-black-white-vector-260nw-2315461483.jpg,1,0
0a4cba50af94c56bf1cc2f59d8df8c69.jpg,0,1
eee14ca4b12ba6f1a2e71f3a5993fd08.jpg,0,1
images (43).jpg,1,0
da45da6b53c3f5e04cc261f073d47fb7 (1).jpg,0,1
30c4109d0472d77b2b7a32ad240b98e1.jpg,0,1
b2fd42958d8ec952f5239a4263690aa8.jpg,0,1
yogyakarta-indonesia-9-july-2023-260nw-2328884805.jpg,0,1
89ff4fac2586f651cba37175669a9ff7.jpg,0,1
images (119).jpg,1,0
funny-spongebob-pictures-54ly7eytc9ltznf9.jpg,1,0
7ffed9db0f112ed7f655a8451a3ec987.jpg,0,1
77b08a77a2e0ea6e3ec6bf0a4cc77a48.jpg,0,1
933986322c3e88ab7c7ce18cb46b52a0.jpg,0,1
images-_6_.jpg,1,0
8d6d87fa85aeea405b77b17ed5bfa90a (1).jpg,0,1
los-angeles-california-usa-november-260nw-445135960.jpg,1,0
7253dbab7f869f36f00c5d83eb5c5570.jpg,0,1
images (75).jpg,1,0
bdb4b0330b27685c5cf7f960930bc39e.jpg,0,1
ccab52ed46b07128896d1d783c9ca4f8.jpg,0,1
11527d3c2231e8b94b55a26df5c3f578.jpg,0,1
spongebob-ballons-sad-feeling-vibe-260nw-2106008516.jpg,1,0
cea512ebac0513ac9f0f4aec9f1a9d84.jpg,0,1
images (22).jpg,1,0
spongebob-funny-pictures-fm6nthnb4kqvvae4.jpg,1,0
024b43099bc938b5eeebd5550225e8e4.jpg,1,0
7641c2b0450177c32155e26fa4db428a.jpg,1,0
9bac049490ce6e148dc29b5cb6859ae8.jpg,0,1
6e022442896f1a72810308ea3709151c.jpg,0,1
874c7c4ed7693b5244e38dcd6a6655c4.jpg,0,1
049bd47018c4525eef86a8c52fa4c920.jpg,0,1
spongebob-funny-pictures-1vxcfr60vdwte34w.jpg,1,0
images (34).jpg,1,0
35cb1bd56597f1355012dbbf09f494e2.jpg,0,1
9a20dad56aa95f5f6752d9de8116ca72.jpg,0,1
SpongeBob-SquarePants-Patrick-Phone.jpg,0,1
patrick-star2.jpg,0,1
94209fc5bcae68de7dfc82ca757ac6fd.jpg,1,0
spongebob-squarepants-balloon-floats-air-260nw-1532218445.jpg,1,0
7d39cdfd17d999f05efdf36798939df3.jpg,1,0
new-york-usa-januari-1-260nw-1012149145.jpg,1,0
patrick-star-character-television-series-260nw-2315358565.jpg,0,1
808e0bec27d7aaa0fe1fb60747a7b7b1.jpg,0,1
041d4b745c8087ca972cba61cc10b516.jpg,1,0
b89765c4d66aa98f7146a6f8f54fbb20 (1).jpg,0,1
51cb0f5163e0e1bf7887854aeb490a76 (1).jpg,0,1
images (18).jpg,1,0
spongebob-squarepants-square-yellow-sponge-260nw-2302223817.jpg,1,0
e6be9717836ee061c1cba3a6b2019d9b.jpg,0,1
spongebob-pictures-4m23z27r7znq50jl.jpg,1,0
fd845b38b92ab76a19f8f7ed30221589.jpg,0,1
images (103).jpg,1,0
7995ebe5a61d943b171d33ac7c73921b.jpg,1,0
676d51bd6686fd16545eee232e412f56.jpg,1,0
bc1eeb13d48d6eeb0defa6622faa73dc.jpg,0,1
2abf31bfca0b4bc2650dd490296b8202.jpg,0,1
96a4f11da5822947271c2af602b05aac.jpg,1,0
spongebob-garry.jpg,1,0
3d92150134edf666ae5aae370ee9aef8 (1).jpg,0,1
f39cb96dc929693291be1485f8b8a6c7.jpg,0,1
353c4620a77c835912cfdb4dbdbfc6f3.jpg,0,1
5dec936ba1167cf1066940a5d5328d96.jpg,1,0
918b532f09f659dc233ed5529b39276f (1).jpg,0,1
9a8e1d53243a8070f29c57738224bb84.jpg,1,0
84f481ece4588af0f1f6b157bc366972.jpg,0,1
images (115).jpg,1,0
spongebob-pictures-4pov4rhwb3uvmakj.jpg,1,0
625619a0f109d787a6dde2b65b1c3f6a.jpg,1,0
0fec769e82b23c0a1f58d85be5a1d50c.jpg,0,1
73de9e11e98bbeb4b6052c89a85bd63a.jpg,0,1
5b75c976809faf4085a99b652edb732f (1).jpg,0,1
d9b371491ae27311d13e5ec91bb4d982.jpg,0,1
images-_5_.jpg,1,0
images (76).jpg,1,0
pink-toy-form-patrick-spongebobs-260nw-2173603105.jpg,0,1
images (99).jpg,1,0
8e962d83e0c3206f311e0db914a0929e (1).jpg,0,1
solo-indonesia-september-19-2023-260nw-2363744497.jpg,1,0
98a02776397e667431d5c94f252f6bab.jpg,0,1
cc3366bd121eb17744cbf2eaa0c70f44.jpg,0,1
f9e35df257d9f6214b456a0cf9847b84.jpg,0,1
b16ca195f4ad68a894b466e782953e9d.jpg,0,1
80d80946164ce08ec3ae1ed409725565.jpg,0,1
funny-spongebob-pictures-clzuj9zu3qega1l2.jpg,1,0
images (21).jpg,1,0
images (22).jpeg,0,1
cdcd5ea7ebac2290d084f3aefb6259dd.jpg,0,1
descarga (18).jpg,1,0
d7caab42fdccf21965b5d937f334113a.jpg,0,1
school-bag-design-spongebob-screen-260nw-2310764645.jpg,1,0
d44b1c84e2d670b9cc925976922b4646.jpg,1,0
images (37).jpg,1,0
eac48e0780f8fecee9b2d0dd19ef40b3.jpg,0,1
92076adad13b221c65c217ee0e2a055d (1).jpg,0,1
5b7a5829c8e87dc7c062f8a23229a1b5.jpg,0,1
e1a7e250c0375d581b2f68390f14a1d3.jpg,0,1
ed3c925fe2633c13c448f555b8592853.jpg,0,1
ec615cc1c099c32e866d771a3abc8adf.jpg,0,1
cc302e0e0ee95d45d17732dc7b97a4f4.jpg,1,0
718fa48fc44e44d165f061ef8b979638.jpg,1,0
651646d2edb07b3b21b94238b91ed963.jpg,0,1
802e42e54d2605ff6ae39aaa2a069c7d.jpg,0,1
45f4762b2880521c0200a660b50828e6 (1).jpg,0,1
8a34a7ac751c889a032c1f7346fe3078.jpg,1,0
melbourne-australia-january-23-2016-260nw-2103080612.jpg,1,0
dfe4a890845d75c04566a994e95badde.jpg,1,0
705339f286d8c8f32f0f0ed2d315eead.jpg,1,0
spongebob-pictures-9kzxu5zdbebl4etz.jpg,1,0
yogyakarta-indonesia-9-july-2023-260nw-2328885533.jpg,1,0
7c552f8947cdee7657a8a4f3c8cca5e5.jpg,0,1
bed7d68d3f920779244bc055e5d0cdff.jpg,0,1
cadd42ed40efb4830e3728dc06dc6640 (1).jpg,0,1
bf3ccdb67cbd52391e627700d20f0bca.jpg,1,0
d732ac75557b647081a9976dfb21d624.jpg,0,1
images (100).jpg,1,0
715913f38963f635eaf591d7ea64751b.jpg,1,0
weird-spongebob-pictures-2ep62k7f586f1z8z.jpg,1,0
e5b632d32b57597f9669b8ed8714a6e0.jpg,0,1
1e24ac6b1b172ab649a295926a64666d.jpg,1,0
3aabc7f9f3fbd37fb72543ea05d6cb7e (1).jpg,0,1
5681a8e8d1f767f05402f992bacc10b2.jpg,0,1
0fb513f219bf846a40941a2343f3dfbc.jpg,0,1
images (116).jpg,1,0
e1cdd0798427e210c3670fa3e84d8323.jpg,0,1
0162195b583f4913a31690f7462527a5 (1).jpg,0,1
c2c7d612d9b91bdeb377db09fd89ed65.jpg,0,1
funny-spongebob-pictures-wfbadmswo3k4aik4.jpg,1,0
15e28634521733b843561f39c5049f8b.jpg,0,1
spongebob-pictures-oqxudjerh4bnnux1.jpg,1,0
descarga (5).jpeg,0,1
f40c69da8a20767742dabfe0a63183fd.jpg,0,1
2258c1779ec05310fe9fb3ede290998a.jpg,1,0
05185d4b4b4cbb2b15a7b21931c6432d.jpg,1,0
spongebob-squarepants-patrick-star-american-260nw-2351558311.jpg,0,1
88773c292afe8de4144c4e578e2ede3d.jpg,1,0
images (95).jpg,1,0
cdc5fd60b44d91f7c480ac73b5067d4a.jpg,0,1
0ebe40c5ea3b804872a13fc88ef30bb6.jpg,1,0
images-_9_.jpg,1,0
dd67e416ed45baf8586f4a8e8c70b13f.jpg,0,1
31a55181520217bb8c3398a51ab5135e.jpg,0,1
C--Users-cleme-Downloads-527-5274029_patrick-star-clipart-patrick-star-drooling-png-download.jpg,0,1
spongebob-squarepants-balloon-floats-air-260nw-1533318398.jpg,1,0
d0d6e52b4993ffddb636b35af010f597.jpg,0,1
707e9da8b666111b1e3163ea42b0e26e (1).jpg,0,1
9adb517ace6f6dc4aab299661f190e9b.jpg,1,0
fef73417bd9a288922b86fd2e45de14e.jpg,0,1
6a009f7c2209b92fb02a9dfa9eddbe46.jpg,1,0
d982abd76787c0129f56c21ef36dd8d7.jpg,0,1
spongebob-pictures-dshfu699hu4foxh5.jpg,1,0
29130c38104ed9962e7fc7609f65bf35.jpg,0,1
5173ce3cb89b6e2feb47c55d14f2eadb.jpg,0,1
patrick-star-mad-spongebob-squarepants-260nw-2317727827.jpg,0,1
funny-spongebob-pictures-jj8n2pl3u2r595a2.jpg,1,0
5f509e0e222742ad8566ed41951f3ff3.jpg,0,1
yogyakarta-indonesia-9-july-2023-260nw-2328885531.jpg,1,0
descarga (14).jpg,1,0
99ab586f332351969aa2b5cb12097c62.jpg,0,1
images (120).jpg,1,0
images (83).jpg,1,0
65940119ac7df2e87bca18b8ed3d1408.jpg,0,1
4358901932dedfc5af6d19dc5c396fbf (1).jpg,0,1
b80e5374c5d755aa9a4835dfc871a015.jpg,1,0
99b01509b1439c1c7be8610f957ed722.jpg,0,1
c851676e5f03c4141cd9f2bf65bc57c7.jpg,1,0
descarga (3).jpg,0,1
patrick-star-in-spongebob-squarepants-free-vector.jpg,0,1
c678ebc9bf1b73fa93fffa264fb93a93.jpg,0,1
6c94de18f0bc87bf0113d73e26a90669 (1).jpg,0,1
63db95c4bee1c2810d46c664504d507b.jpg,0,1
20fc60353b6784f62134839739f94725.jpg,1,0
images (17).jpg,1,0
9abd64ef07eb4571e0228e256de15f4c (1).jpg,0,1
0da448e1c14be5d0e364d4f010bc0adf.jpg,0,1
athensgreecedecember-82019old-used-spongebob-squarepants-260nw-1473281513.jpg,0,1
7e92bbf5fee76a5cb4a61b6574adecc6.jpg,0,1
283e06cff626cc3bf9716880460e6c05.jpg,1,0
3273739a99f9a39609d64e5e985e60b4 (1).jpg,0,1
17c5ec67748cc41247738b476499fafc (2).jpg,0,1
images (20).jpeg,0,1
45e5bb08c1ef38220de295624ae3a316.jpg,0,1
bbaac233a37e4cfaa26f21a0baa21bf3.jpg,0,1
funny-spongebob-pictures-64xkse1vargwm8xq.jpg,1,0
a5d185ab2bfed8f642cad7627d6bdb7f.jpg,1,0
1e482969d92bdf0171671571a33eb69f (1).jpg,0,1
15ade99926fc543ec1d9fefe2c9b2212.jpg,0,1
s-l1200.jpg,1,0
2f3fbccbc042a334fd9f4ddcdba80407.jpg,1,0
images (40).jpg,1,0
7b8414b25fd4e2b0c57ce0db298b9a4f.jpg,1,0
school-bag-design-spongebob-screen-260nw-2310764647.jpg,1,0
descarga (10).jpeg,0,1
6cae9313a19c1f18ad01932e356ef0ed.jpg,1,0
c4ac3ad12ba0f019f2f60d4a16fcf635.jpg,0,1
solo-indonesia-september-19-2023-260nw-2363718895.jpg,1,0
957cbf2c76f779cffabf2ff50e7a50aa.jpg,0,1
1afb8342e7083939379686446ba5e365.jpg,1,0
50656b43a107f017081d578715fcd46a.jpg,0,1
31cc1af72ef6e632c48d013f25dc4158.jpg,1,0
spongebob-pictures-bcy5jhtpiol4iotm.jpg,1,0
761f457991b88eafab1bf75405f5415b.jpg,0,1
807302b98a77b39268a9a42f348d2fca.jpg,0,1
dbc1f6d9f0e6b8fc838ed579f3d21231.jpg,1,0
new-york-city-ny-november-260nw-89618827.jpg,1,0
descarga (14).jpeg,0,1
0bf7cfecd047bf8fa8cdb2ed8315d885.jpg,0,1
spongebob-pictures-e6ffzf6w10zlewlt.jpg,1,0
1d48954de3f524f8c9fa1aa38aee6517.jpg,1,0
d3c997eeed2851befa00bc86ffae5edf.jpg,0,1
82f7346df2f935e78d8bb7f89559ab3f.jpg,0,1
aff744c2f46378145e673fc9f2f8ddcc.jpg,1,0
images (24).jpeg,0,1
09ee1d42e5c92801d4272ffb1bb5e230.jpg,1,0
fc5a978c633ab3235cbcfdb376380695.jpg,0,1
bbfdbd64e4ef488274dc909df5d215f7.jpg,0,1
school-bag-design-spongebob-screen-260nw-2310764643.jpg,1,0
bb1de90dcd1682cb2405311b463c9ad5.jpg,0,1
ddcb2b39d43dbe8cb062e37a64f8bff1.jpg,0,1
21fbae569067aa214845d76ea916dacb.jpg,1,0
ad27c8aa0931f1bf82c0900a9143f12d.jpg,0,1
images (19).jpeg,0,1
images (41).jpg,1,0
5085bdd5589c46d8a72e98d156173bed.jpg,0,1
tokyo-japan-june-30-2016-260nw-446477332.jpg,1,0
cb79a739f1f9c1794dc1aaf328d81c84 (1).jpg,0,1
1223d6711e3ccc0fee37d5c6648c4254 (1).jpg,0,1
5de868381e7e60578a5325d1d1c3a4a9.jpg,0,1
images (16).jpg,1,0
5efe253309eeff40007b540e4f9f69fc (1).jpg,0,1
90cc9ef25ad5772326270b061d35777b.jpg,0,1
ffa3f9489730f3bdca24da1a12158317 (1).jpg,0,1
descarga (3).jpeg,0,1
edc8dbde9aba9f929cb0586b9936b9cf.jpg,1,0
descarga (2).jpg,1,0
759970aa177ffb016fa6670b8d746963.jpg,0,1
images (121).jpg,1,0
march-2023-istanbul-turkiye-spongebob-260nw-2276040195.jpg,0,1
images (82).jpg,1,0
pngsponge (6).jpg,1,0
yogyakarta-indonesia-9-july-2023-260nw-2328885535.jpg,1,0
descarga (15).jpg,1,0
editorial-design-illustration-collection-characters-260nw-2319234853.jpg,1,0
87a8b944ece24638676afb8ed108fee4.jpg,0,1
990d30583c0c011656461b8f56750d9a.jpg,0,1
df4868110b79f7d1c24bd24c90b2c482.jpg,1,0
b9301682474ed4a3521df0708298a6d8.jpg,0,1
2f01dd25174b026f7cca090c03210f20.jpg,0,1
aaf7317de91bd7bab91720ee32c50f35.jpg,0,1
d17734f79528c54e0288d4f522dac9c6.jpg,0,1
f4ee79905d92082de262cb5eab967e56 (1).jpg,0,1
267179b0c4608fb4581813aa7473de05.jpg,0,1
b6575069b0dd3c1553ae04e3b86f0b57.jpg,0,1
SpongeBob-Patrick-Band-Geeks.jpg,0,1
fd06e9fa89cb98049fe73ecfb51c1c31.jpg,1,0
c27347f311e5ae24c05939a9452a6b98.jpg,1,0
268ff5426f76a4a705f3888879bcaa6e.jpg,1,0
images-_8_.jpg,1,0
e70a9a979d130a9e7a5c6651127252cb.jpg,0,1
af192102c61447ed25473a1506fb6e89.jpg,0,1
bc243a20a58b61448f13ed5d464b504d.jpg,1,0
spongebob-funny-pictures-x79vwxe2lbcfk2z6.jpg,1,0
spongebob-squarepants-universal-studios-drink-260nw-1817050946.jpg,1,0
images (94).jpg,1,0
circa-june-2014-berlin-street-260nw-205985623.jpg,1,0
77e5528a777341f3b71bcc7b17c6db4a.jpg,0,1
878be5dd17b74e402a881536ce9a9729.jpg,0,1
92dd1cd7871f642eaf69d4928d069c78.jpg,0,1
789944dd3ad0f0aea62ce35e41510006.jpg,0,1
spongebob-pictures-vwen5pm4vijtzv1x.jpg,1,0
8feeaa6498451506baddccea10c95ac0.jpg,0,1
bee517f12283dcd82e10d1671f01d799.jpg,0,1
993c988ef26c4d1c9a02d30be9b53b92.jpg,0,1
february-2022-istanbul-turkiye-spongebob-260nw-2261269455.jpg,1,0
d8dfac7e6b4f289fae047b08c45a46c1.jpg,0,1
fbc26c9bffdc905d6c33f527416ad80a.jpg,1,0
images (117).jpg,1,0
15509855c5f3f57dcb7ae0c691f98d09.jpg,0,1
fefdc7d752991e6a10413e866a299214.jpg,0,1
2bdeed913bd2a98d0ac9d7d46c0b053b.jpg,0,1
funny-spongebob-pictures-i838q4gequ5c2ays (1).jpg,1,0
666e85ee5c0aeabe2ea4f2b3737607c7 (1).jpg,1,0
a40397401be3b2cccc955d4b8c1528f8 (1).jpg,0,1
83d62715d34de7d828a5866f8d3d3778.jpg,1,0
8af56db4d0e7c847de0758bf17500cd3.jpg,1,0
editorial-design-illustration-collection-characters-260nw-2319234845.jpg,1,0
images (101).jpg,1,0
funny-spongebob-pictures-i4mvhisa9kt8drfd.jpg,1,0
23535842b3f4f42e6858bd77fe5b4e4e.jpg,1,0
funny-spongebob-pictures-ta283xop0lu0w6yg.jpg,1,0
descarga (1).jpeg,0,1
2b54a9545afde68bbda5dcafac6a26c7.jpg,1,0
8a96bb23e22a1e7a3f7ad6c10f4e6fa1 (1).jpg,0,1
bandung-indonesia-february-13-2010-260nw-2324771071.jpg,1,0
funny-spongebob-pictures-nh557e2zk4wbuw0c.jpg,1,0
3a70da61b620c7b40c834043bc6bd22f.jpg,0,1
927fe36d1aa355979b9f9dc9d0f6391d.jpg,1,0
november-2022-istanbul-turkiye-spongebob-260nw-2231322327.jpg,0,1
04689eb72dd4a59348786b75253a3e18.jpg,1,0
b05f4eb0ea6a105094f6e57d23fd3510.jpg,1,0
b5890c631e76c5a8921d83e8fb5e30c1.jpg,0,1
1a383d82f61fc3d17991f91ec4202a13.jpg,0,1
fc2add47e5cb63ca66a2c4b5bd75cb76.jpg,0,1
fbd321a196c9bced7e0e4a04dc124829.jpg,1,0
images (36).jpg,1,0
3568a6b7dea3373d8d39d705e93839f5.jpg,0,1
40a5677495329e402bd259864c7a6aa3.jpg,0,1
eb23d5d0635921ab17ab96c8a5128411.jpg,1,0
spongebob-squarepants-stuffed-animals-on-260nw-2308337405.jpg,1,0
77e48437615e7fa73cfc691c7330d44a.jpg,0,1
2e365c84f12b919606c37f181639480f.jpg,0,1
b372d0c0833887890edadce5965b7711.jpg,0,1
43a226e88f46ec24b400c4435c67e74c.jpg,0,1
descarga (19).jpg,1,0
school-bag-design-spongebob-screen-260nw-2310764641.jpg,1,0
c85e4f20906245978e0b6bca01213e2f.jpg,1,0
66a8aee2054d15c3ace7fb7783370e75.jpg,0,1
images (20).jpg,1,0
ca82d0909b539db943d7d81973b1a323.jpg,0,1
67a2536a26dc673e2ef874129f6d0c09.jpg,0,1
ec1d8f2e36e1947a7e66cfb3c7a4e3b0.jpg,0,1
d3b56fb871b16c487768671ec14ac015.jpg,0,1
images (77).jpg,1,0
spongebob-cartoon-character-vector-illustration-260nw-2339325803.jpg,1,0
dee4dd67d60fc784f000ee12806ee262.jpg,0,1
images (98).jpg,1,0
images (26).jpeg,0,1
6aefd38d6a370f77947ffa93cc52ff1a.jpg,0,1
january-2023-istanbul-turkiye-spongebob-260nw-2250169047.jpg,1,0
images-_4_.jpg,1,0
spongebob-pictures-cr1gix3d4bcppv9v.jpg,1,0
47e1700e5e58321d33f73a394471a4a0.jpg,1,0
november-2022-istanbul-turkiye-spongebob-260nw-2222677139.jpg,1,0
fb4799f2686073cc47efe4022ec0e6bf.jpg,1,0
cc4efbfae2a6d93cb4d1302ee9e49cdb.jpg,0,1
images (93).jpg,1,0
3735c4566c3e4a96c89659d317f5f364.jpg,0,1
cake-appearance-spongebob-character-260nw-2191231501.jpg,1,0
585fc59576e3814c4479f1d5770fdffe.jpg,1,0
bdd89edfcfdb5023283ef53f23feb5de.jpg,1,0
aa55fead548a1b86bb36a8e2a656f93a.jpg,0,1
ca62e047abaafc73198792e384393aa1.jpg,1,0
a7082611d62b953dc191cd4abba32198.jpg,0,1
d263f432b11a1de8d07342edf40fbbfd (1).jpg,0,1
SpongeBob-Patrick-Man-Ray-Band-Geeks.jpg,0,1
solo-indonesia-september-19-2023-260nw-2363716775.jpg,1,0
a31d1e1995ce8f09263441e86bb4c1c1.jpg,0,1
08769f926f0d96fb518f9a9e1502ca9a.jpg,1,0
descarga (6).jpeg,0,1
editorial-cartoon-vector-illustration-spongebob-260nw-2352861261.jpg,1,0
descarga (12).jpg,1,0
images-58.jpg,1,0
pngsponge (1).jpg,1,0
d66397455a99d8759cbd4aca17daf719.jpg,1,0
images-64.jpg,1,0
e6f1a6a30aa4b63d31c2a348c9b1b74d.jpg,0,1
images (85).jpg,1,0
spongebob-patrick-star-min-1052x592.jpg,0,1
descarga (5).jpg,1,0
dc5f5aa25dfbb6e3a60924c9691c5957 (1).jpg,0,1
0848857b1b68fa12510dfe2466d70085 (1).jpg,0,1
a6cd23f39379273546dba93919d89030.jpg,0,1
8a824d5ce9ebb6df7711a3598d24c35a (1).jpg,0,1
76627d43fae3d0955763d67dc4a0a16c.jpg,0,1
spongebob-pictures-t1ae063e6c899lxr.jpg,1,0
images (11).jpg,1,0
7a1b0e9cd5ee4636a9f3a95e5ef9df39.jpg,0,1
e82a942132ed4eb84ad39271d70a47c3.jpg,0,1
images-59.jpg,1,0
8a64affdf9d09207ba8857bd09ab6b4c.jpg,0,1
editorial-design-illustration-collection-characters-260nw-2319235533.jpg,1,0
images (46).jpg,1,0
january-2020-las-palmas-spongebob-260nw-1663242580.jpg,1,0
903c3132c55b1a36cfdfbfd515d47ff5.jpg,1,0
school-bag-design-spongebob-screen-260nw-2310764633.jpg,1,0
e246c9cb8704907dce018ce97e1f5c71.jpg,0,1
2c11cca89c14bad25a8e9057d645df07.jpg,1,0
february-2023-istanbul-turkiye-spongebob-260nw-2270698967.jpg,1,0
4bde4bec63d636947286ee0a90b97fea.jpg,0,1
belgrade-serbia-08112022-cartoon-character-260nw-2223736225.jpg,0,1
march-2023-istanbul-turkiye-spongebob-260nw-2276040537.jpg,1,0
6e8f9ed5852f0495d4be982af5306001.jpg,0,1
descarga (11).jpeg,0,1
5bbcd3d92f3477711218e68076108e11.jpg,1,0
funny-spongebob-pictures-x9d7ma8r8fi807cn.jpg,1,0
d3c2d6bf56ffdcdc8460d94c877509b5.jpg,1,0
9d4a6464abe47a61ffaf3e2b0ccfe779.jpg,0,1
e142c63f8a7cae4bb24d88635e142465.jpg,0,1
images (21).jpeg,0,1
85f5741cd88fdf0c8baac071d107007c.jpg,1,0
funny-spongebob-pictures-sl02vjno4pitqm6i.jpg,1,0
6d68bea8ad87802202b4f4b402308035.jpg,0,1
descarga (13).jpeg,0,1
images-_3_.jpg,1,0
841c110c9580122dfebc8f34ecba1f06.jpg,0,1
860f3227f3ffe0d59ca6d2f272465e28 (1).jpg,0,1
images (70).jpg,1,0
3c32279cfff48d569f909efa8cdc30d1.jpg,0,1
5be9c77837354911a0c6bb9beceeed18.jpg,0,1
12ad004908b8e4a0ef73e906996d4464.jpg,0,1
images (23).jpeg,0,1
january-2023-istanbul-turkiye-spongebob-260nw-2250168659.jpg,1,0
b580a4fc24501f547ca38a6df956e911.jpg,0,1
93bd9c8ea39b2f2f5c8b9fd16476938b.jpg,0,1
orlandousa-august-23-2014-patrick-260nw-218290726.jpg,0,1
images (27).jpg,1,0
funny-spongebob-pictures-a3g0epgksge0kzi9.jpg,1,0
d6704e8577ccec97ca9a354d9abce057.jpg,0,1
cartoon-character-kids-animation-famous-260nw-2270655251.jpg,1,0
d52494e568458b7f81bd91467914d2ce.jpg,0,1
february-2023-istanbul-turkiye-spongebob-260nw-2270698971.jpg,1,0
school-bag-design-spongebob-screen-260nw-2310764631.jpg,1,0
spongebob-funny-pictures-s436hjdi54pku6bb.jpg,1,0
images (31).jpg,1,0
ea2042622481d7c1b7341ff10f9c160f.jpg,1,0
dbe4168f08a047af3917bb4e11c9b027 (1).jpg,0,1
spongebob-pictures-rn7y5xwr5bp38i9m.jpg,1,0
c95e3b64ee84c43302bd13bd4ea50595 (2).jpg,0,1
descarga (9).jpg,1,0
vector-set-cartoon-character-doodle-260nw-2319604687.jpg,1,0
cc54830556cd15628e3ffd541672b032.jpg,0,1
images (66).jpg,1,0
images (89).jpg,1,0
a054b5ae828a3ed15db7a9bb3c513c8b.jpg,1,0
5c67b3bdfbf86133b8d718a6844ebf49.jpg,0,1
c9bd93ead8e94699cbd3b8dc2e12a0a6.jpg,0,1
a071188ad75cb0ef7f0b8c52925ad3e8.jpg,0,1
river-fallswisconsindecember-172014-box-nick-260nw-238334188.jpg,1,0
60d431fef1b5a0ec0c10889c9de99df7 (1).jpg,0,1
c8e5f5fbfa9ec32dbad2ba8da4c1f4d6.jpg,1,0
funny-spongebob-pictures-b6fmawkw1fyram9t.jpg,1,0
new-york-november-22-spongebob-260nw-119691400.jpg,1,0
2c051103da250b7304c73ac607f78076.jpg,0,1
9e4ea3d0d80cae33ac949da8dc135b83.jpg,0,1
images (8).jpeg,0,1
2fcabab1d2621bba9ff093c70fc6780c.jpg,1,0
editorial-cartoon-vector-illustration-spongebob-260nw-2352861263.jpg,1,0
b49807c66827406a74a09c043becfb3f.jpg,1,0
weird-spongebob-pictures-23i0ku9zn3mefof6.jpg,1,0
weird-spongebob-pictures-7yhxiwxywpai537n.jpg,1,0
spongebob-pictures-fa1tk3casextdu5s.jpg,1,0
images (106).jpg,1,0
editorial-design-illustration-collection-characters-260nw-2319234821.jpg,1,0
illustration-vector-graphic-character-spongebob-260nw-2325276911.jpg,1,0
df9f8e1dad032979c246e3f2e40629eb.jpg,0,1
2397b0a7ed558a3751d229ea5b0e92b1.jpg,1,0
f49c2a02ddfb9b5ff69e394101bf9b45.jpg,1,0
c1022d87ce742cf3453bc4ebf59b15ac.jpg,1,0
1ef4e5585ce8f171e740e2a9b0da3eb0.jpg,1,0
c0249f57ea33746a2cd43df0cf4b1e48 (1).jpg,0,1
spongebob-pictures-v5al9fi3cjurwxqr.jpg,1,0
images (110).jpg,1,0
beeae9e04ef39c26c17d0b432f539b11.jpg,0,1
e3789f2b4200f32f987a685069d21d62.jpg,0,1
expressive-editorial-vector-illustration-spongebob-260nw-2352950681.jpg,1,0
057d8ea1b113e234816a126f20aa178d (1).jpg,0,1
spongebob-pictures-7wjdm38vgobncjni.jpg,1,0
emoji-funny-logo-symbol-isolated-260nw-2183626691.jpg,0,1
72b3741500b624b97417ce8ad3e25839.jpg,1,0
15d6b8d52ad2b22b9f7e40ddc61766af.jpg,0,1
1885d07087f511cb0ff8e877e8708ac6.jpg,0,1
e41ca4193194db05024383540fa04142.jpg,0,1
678654b5f6ff94a2b3fa44519b67df12.jpg,0,1
c291707010cf2528cb3f7b069a937fcd.jpg,0,1
251abc0b776634320466f1a36217d39f.jpg,0,1
a34359dbcca42de23fd73b50adda9bd3 (1).jpg,0,1
f63420eff1032790e252ab809ef8b8c9.jpg,0,1
e0b44c5439ec77fd625d56a23915e857.jpg,0,1
dffc085df826fdaee173a9c5fc0ab93f.jpg,0,1
spongebob-pictures-4hodrkmrkcef164y.jpg,1,0
c4e55eb41376f4779be28096cbbf4ea2.jpg,0,1
bdaf10825fad04b2da5754f8b708ba54.jpg,0,1
images (111).jpg,1,0
bb07f3542ae4ae2676b19b1dce731ac8.jpg,0,1
15b5682090a8c6fd00fbd2df17f3db35.jpg,1,0
45127514b021be1e6f382fdfeea0c2b9.jpg,1,0
52c28690939b41ad41b1dd65faeed290.jpg,0,1
4d5b3b06f224777c4010ddad12ad9fd1.jpg,0,1
39691ba0bac87cdbae15a10c7946bdc4 (1).jpg,0,1
editorial-design-illustration-collection-characters-260nw-2319234819.jpg,1,0
kuala-lumpur-malaysia-january-29-260nw-1012143886.jpg,1,0
images (107).jpg,1,0
2d369ff18e8c60c25bf37f9dd382876d.jpg,1,0
f6bbfe4258dec0022d14326237eff602.jpg,0,1
editorial-design-illustration-collection-characters-260nw-2319234825.jpg,1,0
spongebob-pictures-3iru26dvwo2vaaxl.jpg,1,0
edf9a3c01b34ad8871a5971e55ae207f.jpg,1,0
999cf893052faa0cbc493153d36700e2.jpg,0,1
def67218d95badad79960c3db7efb4dd.jpg,0,1
75b90fc2d742fad5936ab6bcaf8bb630.jpg,0,1
8bb1e4c23c30029b21aca888ea7eeb63.jpg,0,1
images-62.jpg,1,0
796027f78535d1a03b590f21a275573e.jpg,0,1
patrick-star.jpg,0,1
images-_10_.jpg,1,0
842bc98345bdf328c1c2047251e4118c.jpg,0,1
eb0d996781775380740101586a7fa8c2.jpg,1,0
spongebob-squarepants.jpg,1,0
6fd64388b93adca52925110e3501956e.jpg,0,1
ab58d4833926915b885d7e4b82d9fc4f.jpg,0,1
babafa9f17aa48566f6844edf98365be.jpg,0,1
4e70aa35fe30438f6981de2d28cdeb81.jpg,0,1
images (67).jpg,1,0
images (88).jpg,1,0
f99d19aca45202493ae946502b839d9d.jpg,1,0
images (27).jpeg,0,1
9e54d4a184afc1afa7f9b7b4ef4815a8.jpg,1,0
images-63.jpg,1,0
descarga (8).jpg,1,0
f4db678ca7364fda633e366451076dec.jpg,1,0
images (30).jpg,1,0
3e239b726e85adf0a2bc34cd5510c1be.jpg,0,1
4d9d5bbe90f16d5c63da40f7384b1d55.jpg,0,1
21a9ebfe7cc72865d6b9e6088a33a097.jpg,0,1
descarga (17).jpeg,0,1
school-bag-design-spongebob-screen-260nw-2310764635.jpg,1,0
images (26).jpg,1,0
a13239c807174db31c101eb13a5e7be3.jpg,1,0
january-2023-istanbul-turkiye-spongebob-260nw-2250168649.jpg,1,0
72f0251221e00750a1bffdaf73e774b7.jpg,0,1
SpongeBob-SquarePants-Patrick-Star.jpg,0,1
5235526b531911bb562a9cdea93f0969.jpg,0,1
images (71).jpg,1,0
b0c7fc1c4d908ec37f03f4e3216cb34f.jpg,0,1
funny-spongebob-pictures-n000nf3rd5p0p71a.jpg,1,0
67032b0f98321181b2ccde32e2e0a898.jpg,0,1
2febf7159d4c620f694f59bc2f03596e.jpg,0,1
1773b4524c16205103f1312df62cc949 (1).jpg,0,1
moscow-russia-18-july-2020-260nw-1784857058.jpg,0,1
ac361cff35341a416002d096bc48dad6.jpg,0,1
bb453c9a223cabeee99008bee65c94c6.jpg,1,0
4875e8f72285e43016ea293b2e86aad5.jpg,0,1
cbad01bf9da141a722843b3f503a1787.jpg,0,1
2680db28bceb1a07de9885cb7cf45de4.jpg,0,1
cece812a9774b39cc750c395fa5f437c.jpg,1,0
1d05bdacd0fb080b29411a6e16c92f36.jpg,0,1
83dbdfad4857e04c7bead0eaaa5b432c.jpg,1,0
dfcd0cb2ceed76155c20c834d7dc9859.jpg,1,0
funny-spongebob-pictures-wepfbzorriba81z3.jpg,1,0
5bd40252aa7e1b567b15f7c09903ee5a.jpg,0,1
865dd6ef4a35407c869de785f2a09558.jpg,0,1
8322c331677d64e38273c94f704a1ea8.jpg,0,1
753f33b5195f96cdb30cb13734548c43.jpg,0,1
images.jpg,1,0
eb7a096edccdb3ed9441ef68e1316898 (1).jpg,0,1
images (2).jpg,1,0
spongebob-pictures-pryi3qw1o023hjb4.jpg,1,0
15805ae2623c0f52b550c611ab8df06c.jpg,1,0
images (18).jpeg,0,1
school-bag-design-spongebob-screen-260nw-2310764637.jpg,1,0
60aeae39bafa7a63476d3b577e42a3dd (1).jpg,0,1
images (25).jpeg,0,1
7b9b0b63e4eab5bef1ee8d8f8630136a.jpg,1,0
4c06930bd326377a69d4eb0726a69564.jpg,0,1
35ec8ae2359ce56431478c1f64e84f10.jpg,1,0
373263f64658350b564736d51a34c2f7.jpg,1,0
b6219d439bf65694e3911bead5f0629e.jpg,0,1
c306e91d40e3fe1c6fe0ae2cdc2db928.jpg,0,1
images-61.jpg,1,0
images-49.jpg,1,0
f4a5de2cc37df0ada4006e6e4d055d64.jpg,0,1
fcd621670bacc1c26e3903a0b7955cb8.jpg,0,1
descarga (15).jpeg,0,1
8e860da955199677b5b843c74c03265c.jpg,0,1
b2755c179eab1a769850fe4345f7315d.jpg,0,1
624c0179b6ab917cd9d492fab677c7f5.jpg,1,0
bef1a606e3c9c095132c8a34538dd410.jpg,1,0
bbb631729b0d2f19e125af6db09bae7c.jpg,0,1
94852170199e09a7eb9f2b5dddc1ca73.jpg,0,1
descarga (4).jpg,1,0
f1682f942b40ebc4c81cae3a9af6a512.jpg,0,1
images-48.jpg,1,0
91f221ee5b0e72db377898f22ccdbcd2.jpg,1,0
2446fe83da605da5bd73ef280e9ca5a3.jpg,0,1
new-york-city-november-28-260nw-165126740.jpg,1,0
images-60.jpg,1,0
95f6a0f73f0911434cb5838d0502d3c9.jpg,1,0
images (84).jpg,1,0
funny-spongebob-pictures-dmwtlw1uys1mm4p9.jpg,1,0
be547b2718da7a4c23d7565307d336d3.jpg,0,1
descarga (13).jpg,1,0
editorial-design-illustration-collection-characters-260nw-2319234833.jpg,1,0
45fc26efada5f3ca164fbdecaaf6c938.jpg,1,0
editorial-design-illustration-collection-characters-260nw-2319234827.jpg,1,0
moscow-russia-7-june-2017-260nw-657711661.jpg,1,0
b4f323e095c82d82f89d8434c58582a8.jpg,0,1
659d998eb450ead35ed7ecef0df77214.jpg,0,1
dc6fac5b5358559f21892d05f72ee0ec (1).jpg,0,1
74d99d413b85bd1ab93035bbfc34acf5 (2).jpg,0,1
2f72501c634594cf20545401072149f9.jpg,1,0
519854e430f99a9ce727aeaf142cf196.jpg,0,1
d07f970dd977ad4a024007bf4a3767fd.jpg,0,1
1ecae9c50ea68402a32ac3504bbcd165.jpg,0,1
e6cd45bfe4435ee3e40e48899e736ca3.jpg,0,1
weird-spongebob-pictures-55r1bfzssrsp6h1e.jpg,1,0
belgrade-serbia-08112022-cartoon-character-260nw-2223735517.jpg,1,0
descarga (2).jpeg,0,1
b69dcd4270eaccfa1748a489ccae85e0.jpg,0,1
images (92).jpg,1,0
266f291c6496ca82f800a955e22fac00.jpg,0,1
45e4a553c57b0d221b92f657545a1015 (1).jpg,0,1
891cf4ea87cfd3e9f8a83e35d64b1bb8.jpg,0,1
